{"cameraMode":{"drawMode":0,"name":"Shaded","section":"Shading Mode"},"sceneLighting":false,"audioPlay":false,"sceneViewState":{"showFog":true,"showMaterialUpdate":false,"showSkybox":false,"showFlares":true,"showImageEffects":true,"showParticleSystems":true},"in2DMode":false,"pivot":{"x":0.0661095678806305,"y":0.0734759122133255,"z":-0.10811907052993775},"rotation":{"x":-0.19810138642787934,"y":-0.13220299780368806,"z":0.027291662991046907,"w":-0.9709268808364868},"size":0.3069421052932739,"orthographic":false}