{"cameraMode":{"drawMode":0,"name":"Shaded","section":"Shading Mode"},"sceneLighting":false,"audioPlay":false,"sceneViewState":{"showFog":true,"showMaterialUpdate":false,"showSkybox":false,"showFlares":true,"showImageEffects":true,"showParticleSystems":true},"in2DMode":false,"pivot":{"x":19.229999542236329,"y":0.5450000762939453,"z":-22.234142303466798},"rotation":{"x":0.15567779541015626,"y":0.010125309228897095,"z":-0.0019181862007826567,"w":0.9878372550010681},"size":2.42829966545105,"orthographic":false}