{"cameraMode":{"drawMode":0,"name":"Shaded","section":"Shading Mode"},"sceneLighting":false,"audioPlay":false,"sceneViewState":{"showFog":true,"showMaterialUpdate":false,"showSkybox":false,"showFlares":true,"showImageEffects":true,"showParticleSystems":true},"in2DMode":false,"pivot":{"x":4.931962013244629,"y":1.9999998807907105,"z":0.2700001001358032},"rotation":{"x":-0.21386811137199403,"y":-0.13874483108520509,"z":0.031057899817824365,"w":-0.9665427803993225},"size":5.865162372589111,"orthographic":false}