{"cameraMode":{"drawMode":0,"name":"Shaded","section":"Shading Mode"},"sceneLighting":false,"audioPlay":false,"sceneViewState":{"showFog":true,"showMaterialUpdate":false,"showSkybox":false,"showFlares":true,"showImageEffects":true,"showParticleSystems":true},"in2DMode":false,"pivot":{"x":0.3581392467021942,"y":1.031785011291504,"z":-0.9909788966178894},"rotation":{"x":-0.3544195890426636,"y":0.19542934000492097,"z":-0.0756518542766571,"w":-0.9113938808441162},"size":0.007395029067993164,"orthographic":false}