{"cameraMode":{"drawMode":0,"name":"Shaded","section":"Shading Mode"},"sceneLighting":true,"audioPlay":false,"sceneViewState":{"showFog":true,"showMaterialUpdate":false,"showSkybox":true,"showFlares":true,"showImageEffects":true,"showParticleSystems":true},"in2DMode":false,"pivot":{"x":4.820242404937744,"y":-3.529022216796875,"z":10.493621826171875},"rotation":{"x":0.20669397711753846,"y":0.2100527584552765,"z":-0.045845065265893939,"w":0.954581618309021},"size":5.936944961547852,"orthographic":false}