{"cameraMode":{"drawMode":0,"name":"Shaded","section":"Shading Mode"},"sceneLighting":false,"audioPlay":false,"sceneViewState":{"showFog":true,"showMaterialUpdate":false,"showSkybox":false,"showFlares":true,"showImageEffects":true,"showParticleSystems":true},"in2DMode":false,"pivot":{"x":-7.051999092102051,"y":0.843999981880188,"z":-1.458999752998352},"rotation":{"x":-0.21386811137199403,"y":-0.13874483108520509,"z":0.031057899817824365,"w":-0.9665427803993225},"size":1.8620314598083497,"orthographic":false}