{"cameraMode":{"drawMode":0,"name":"Shaded","section":"Shading Mode"},"sceneLighting":false,"audioPlay":false,"sceneViewState":{"showFog":true,"showMaterialUpdate":false,"showSkybox":false,"showFlares":true,"showImageEffects":true,"showParticleSystems":true},"in2DMode":false,"pivot":{"x":-0.015000000596046448,"y":0.10414857417345047,"z":-0.10100000351667404},"rotation":{"x":-0.19810138642787934,"y":-0.13220299780368806,"z":0.027291662991046907,"w":-0.9709268808364868},"size":0.03779098391532898,"orthographic":false}