{"cameraMode":{"drawMode":0,"name":"Shaded","section":"Shading Mode"},"sceneLighting":false,"audioPlay":false,"sceneViewState":{"showFog":true,"showMaterialUpdate":false,"showSkybox":false,"showFlares":true,"showImageEffects":true,"showParticleSystems":true},"in2DMode":false,"pivot":{"x":1.1036880016326905,"y":1.6089999675750733,"z":-2.264230489730835},"rotation":{"x":0.10632984340190888,"y":-0.828825056552887,"z":0.16762104630470277,"w":0.5232652425765991},"size":1.884674310684204,"orthographic":false}